{
    "foreground_intensity_properties_per_channel": {
        "0": {
            "max": 2204.0,
            "mean": 35.26424026489258,
            "median": 35.0,
            "min": -637.0,
            "percentile_00_5": -134.0,
            "percentile_99_5": 728.0,
            "std": 124.03817749023438
        }
    },
    "median_relative_size_after_cropping": 1.0,
    "shapes_after_crop": [
        [
            214,
            512,
            512
        ],
        [
            222,
            512,
            512
        ],
        [
            216,
            512,
            512
        ],
        [
            221,
            512,
            512
        ],
        [
            213,
            512,
            512
        ],
        [
            219,
            512,
            512
        ],
        [
            215,
            512,
            512
        ],
        [
            224,
            512,
            512
        ],
        [
            218,
            512,
            512
        ],
        [
            227,
            512,
            512
        ],
        [
            216,
            512,
            512
        ],
        [
            204,
            512,
            512
        ],
        [
            209,
            512,
            512
        ],
        [
            208,
            512,
            512
        ],
        [
            206,
            512,
            512
        ],
        [
            217,
            512,
            512
        ],
        [
            224,
            512,
            512
        ],
        [
            212,
            512,
            512
        ],
        [
            210,
            512,
            512
        ],
        [
            210,
            512,
            512
        ],
        [
            216,
            512,
            512
        ],
        [
            214,
            512,
            512
        ],
        [
            210,
            512,
            512
        ],
        [
            218,
            512,
            512
        ],
        [
            199,
            512,
            512
        ],
        [
            204,
            512,
            512
        ],
        [
            202,
            512,
            512
        ],
        [
            202,
            512,
            512
        ],
        [
            212,
            512,
            512
        ],
        [
            207,
            512,
            512
        ],
        [
            202,
            512,
            512
        ],
        [
            212,
            512,
            512
        ],
        [
            214,
            512,
            512
        ],
        [
            217,
            512,
            512
        ],
        [
            214,
            512,
            512
        ],
        [
            221,
            512,
            512
        ],
        [
            216,
            512,
            512
        ],
        [
            209,
            512,
            512
        ],
        [
            210,
            512,
            512
        ],
        [
            211,
            512,
            512
        ],
        [
            210,
            512,
            512
        ],
        [
            221,
            512,
            512
        ],
        [
            224,
            512,
            512
        ],
        [
            217,
            512,
            512
        ],
        [
            216,
            512,
            512
        ],
        [
            218,
            512,
            512
        ],
        [
            224,
            512,
            512
        ],
        [
            207,
            512,
            512
        ],
        [
            212,
            512,
            512
        ],
        [
            212,
            512,
            512
        ]
    ],
    "spacings": [
        [
            5.0,
            0.9765620231628418,
            0.9765620231628418
        ],
        [
            5.0,
            0.9765620231628418,
            0.9765620231628418
        ],
        [
            5.0,
            0.9765620231628418,
            0.9765620231628418
        ],
        [
            5.0,
            0.9765620231628418,
            0.9765620231628418
        ],
        [
            5.0,
            0.9765620231628418,
            0.9765620231628418
        ],
        [
            5.0,
            0.9765620231628418,
            0.9765620231628418
        ],
        [
            5.0,
            0.9765620231628418,
            0.9765620231628418
        ],
        [
            5.0,
            0.9765620231628418,
            0.9765620231628418
        ],
        [
            5.0,
            0.9765620231628418,
            0.9765620231628418
        ],
        [
            5.0,
            0.9765620231628418,
            0.9765620231628418
        ],
        [
            5.0,
            0.9765620231628418,
            0.9765620231628418
        ],
        [
            5.0,
            0.9765620231628418,
            0.9765620231628418
        ],
        [
            5.0,
            0.9765620231628418,
            0.9765620231628418
        ],
        [
            5.0,
            0.9765620231628418,
            0.9765620231628418
        ],
        [
            5.0,
            0.9765620231628418,
            0.9765620231628418
        ],
        [
            5.0,
            0.9765620231628418,
            0.9765620231628418
        ],
        [
            5.0,
            0.9765620231628418,
            0.9765620231628418
        ],
        [
            5.0,
            0.9765620231628418,
            0.9765620231628418
        ],
        [
            5.0,
            0.9765620231628418,
            0.9765620231628418
        ],
        [
            5.0,
            0.9765620231628418,
            0.9765620231628418
        ],
        [
            5.0,
            0.9765620231628418,
            0.9765620231628418
        ],
        [
            5.0,
            0.9765620231628418,
            0.9765620231628418
        ],
        [
            5.0,
            0.9765620231628418,
            0.9765620231628418
        ],
        [
            5.0,
            0.9765620231628418,
            0.9765620231628418
        ],
        [
            5.0,
            0.9765620231628418,
            0.9765620231628418
        ],
        [
            5.0,
            0.9765620231628418,
            0.9765620231628418
        ],
        [
            5.0,
            0.9765620231628418,
            0.9765620231628418
        ],
        [
            5.0,
            0.9765620231628418,
            0.9765620231628418
        ],
        [
            5.0,
            0.9765620231628418,
            0.9765620231628418
        ],
        [
            5.0,
            0.9765620231628418,
            0.9765620231628418
        ],
        [
            5.0,
            0.9765620231628418,
            0.9765620231628418
        ],
        [
            5.0,
            0.9765620231628418,
            0.9765620231628418
        ],
        [
            5.0,
            0.9765620231628418,
            0.9765620231628418
        ],
        [
            5.0,
            0.9765620231628418,
            0.9765620231628418
        ],
        [
            5.0,
            0.9765620231628418,
            0.9765620231628418
        ],
        [
            5.0,
            0.9765620231628418,
            0.9765620231628418
        ],
        [
            5.0,
            0.9765620231628418,
            0.9765620231628418
        ],
        [
            5.0,
            0.9765620231628418,
            0.9765620231628418
        ],
        [
            5.0,
            0.9765620231628418,
            0.9765620231628418
        ],
        [
            5.0,
            0.9765620231628418,
